Article ID - Female,Article ID - Male,degree - Female,degree - Male,FF citations,MF citations,FM citations,MM citations
10.1103/RevModPhys.29.547,10.1103/RevModPhys.28.53,8,42,3,8
10.1103/RevModPhys.85.655,10.1103/RevModPhys.77.1257,3,6,3,7
10.1103/RevModPhys.29.547,10.1103/RevModPhys.22.153,8,42,2,10
10.1103/RevModPhys.55.511,10.1103/RevModPhys.22.153,0,1,2,10
10.1103/RevModPhys.47.877,10.1103/RevModPhys.22.153,0,0,2,10
10.1103/RevModPhys.52.545,10.1103/RevModPhys.43.125,0,2,0,8
10.1103/RevModPhys.47.877,10.1103/RevModPhys.15.209,0,0,2,33
10.1103/RevModPhys.71.S25,10.1103/RevModPhys.10.133,0,0,0,3
10.1103/RevModPhys.87.765,10.1103/RevModPhys.81.163,1,9,30,180
10.1103/RevModPhys.47.877,10.1103/RevModPhys.10.133,0,0,0,3
10.1103/RevModPhys.29.547,10.1103/RevModPhys.22.153,8,42,2,10
10.1103/RevModPhys.59.287,10.1103/RevModPhys.7.237,0,2,1,3
10.1103/RevModPhys.55.511,10.1103/RevModPhys.28.135,0,1,0,3
10.1103/RevModPhys.84.1343,10.1103/RevModPhys.81.1495,0,1,4,36
10.1103/RevModPhys.84.839,10.1103/RevModPhys.82.499,0,5,6,30
10.1103/RevModPhys.29.547,10.1103/RevModPhys.29.223,8,42,0,0
10.1103/RevModPhys.17.287,10.1103/RevModPhys.12.1,0,0,0,5
10.1103/RevModPhys.87.307,10.1103/RevModPhys.84.621,1,18,22,124
10.1103/RevModPhys.77.371,10.1103/RevModPhys.71.1695,3,49,6,24
10.1103/RevModPhys.24.79,10.1103/RevModPhys.23.287,3,13,11,38
10.1103/RevModPhys.29.547,10.1103/RevModPhys.29.235,8,42,0,2
10.1103/RevModPhys.85.655,10.1103/RevModPhys.77.1257,3,6,3,7
10.1103/RevModPhys.84.839,10.1103/RevModPhys.82.499,0,5,6,30
10.1103/RevModPhys.84.1343,10.1103/RevModPhys.81.1495,0,1,4,36
10.1103/RevModPhys.85.1295,10.1103/RevModPhys.83.131,0,0,9,35
10.1103/RevModPhys.70.1341,10.1103/RevModPhys.69.137,0,0,1,1
10.1103/RevModPhys.85.655,10.1103/RevModPhys.77.1257,3,6,3,7
10.1103/RevModPhys.80.1419,10.1103/RevModPhys.79.733,1,0,9,59
10.1103/RevModPhys.84.353,10.1103/RevModPhys.83.1467,1,1,2,5
10.1103/RevModPhys.22.386,10.1103/RevModPhys.21.271,0,5,1,12
10.1103/RevModPhys.22.386,10.1103/RevModPhys.22.36,0,5,0,2
10.1103/RevModPhys.47.877,10.1103/RevModPhys.22.153,0,0,2,10
10.1103/RevModPhys.68.1015,10.1103/RevModPhys.62.603,4,52,0,3
10.1103/RevModPhys.85.1295,10.1103/RevModPhys.83.131,0,0,9,35
10.1103/RevModPhys.71.1275,10.1103/RevModPhys.69.137,1,4,1,1
10.1103/RevModPhys.71.1275,10.1103/RevModPhys.63.615,1,4,0,4
10.1103/RevModPhys.71.1275,10.1103/RevModPhys.47.311,1,4,0,3
10.1103/RevModPhys.77.1423,10.1103/RevModPhys.55.109,17,50,2,26
10.1103/RevModPhys.87.765,10.1103/RevModPhys.81.163,1,9,30,180
10.1103/RevModPhys.70.1341,10.1103/RevModPhys.64.1151,0,0,0,1
10.1103/RevModPhys.29.547,10.1103/RevModPhys.29.831,8,42,0,0
10.1103/RevModPhys.86.563,10.1103/RevModPhys.85.367,1,6,0,4
10.1103/RevModPhys.47.877,10.1103/RevModPhys.46.255,0,0,1,13
10.1103/RevModPhys.29.547,10.1103/RevModPhys.21.625,8,42,3,10
10.1103/RevModPhys.47.877,10.1103/RevModPhys.21.625,0,0,3,10
10.1103/RevModPhys.24.79,10.1103/RevModPhys.8.358,3,13,1,15
10.1103/RevModPhys.22.386,10.1103/RevModPhys.22.36,0,5,0,2
10.1103/RevModPhys.29.547,10.1103/RevModPhys.22.153,8,42,2,10
10.1103/RevModPhys.47.877,10.1103/RevModPhys.22.153,0,0,2,10
10.1103/RevModPhys.86.563,10.1103/RevModPhys.85.367,1,6,0,4
10.1103/RevModPhys.87.765,10.1103/RevModPhys.81.163,1,9,30,180
10.1103/RevModPhys.47.877,10.1103/RevModPhys.20.537,0,0,2,35
10.1103/RevModPhys.22.386,10.1103/RevModPhys.22.36,0,5,0,2
10.1103/RevModPhys.88.045002,10.1103/RevModPhys.80.965,0,0,0,5
10.1103/RevModPhys.84.1343,10.1103/RevModPhys.81.1495,0,1,4,36
10.1103/RevModPhys.88.045002,10.1103/RevModPhys.85.795,0,0,0,0
10.1103/RevModPhys.88.045002,10.1103/RevModPhys.80.577,0,0,1,15
10.1103/RevModPhys.29.547,10.1103/RevModPhys.29.465,8,42,2,45
10.1103/RevModPhys.24.79,10.1103/RevModPhys.22.36,3,13,0,2
10.1103/RevModPhys.24.79,10.1103/RevModPhys.16.1,3,13,0,9
10.1103/RevModPhys.24.79,10.1103/RevModPhys.20.296,3,13,0,4
10.1103/RevModPhys.77.1423,10.1103/RevModPhys.77.1,17,50,2,52
10.1103/RevModPhys.84.1343,10.1103/RevModPhys.75.949,0,1,7,41
10.1103/RevModPhys.77.371,10.1103/RevModPhys.65.611,3,49,13,113
10.1103/RevModPhys.87.765,10.1103/RevModPhys.84.1011,1,9,0,12
10.1103/RevModPhys.77.371,10.1103/RevModPhys.65.677,3,49,6,63
10.1103/RevModPhys.86.563,10.1103/RevModPhys.85.367,1,6,0,4
10.1103/RevModPhys.24.79,10.1103/RevModPhys.21.271,3,13,1,12
10.1103/RevModPhys.85.655,10.1103/RevModPhys.82.1095,3,6,2,11
10.1103/RevModPhys.85.655,10.1103/RevModPhys.77.1257,3,6,3,7
10.1103/RevModPhys.87.765,10.1103/RevModPhys.81.163,1,9,30,180
10.1103/RevModPhys.84.839,10.1103/RevModPhys.82.499,0,5,6,30
10.1103/RevModPhys.24.79,10.1103/RevModPhys.22.36,3,13,0,2
10.1103/RevModPhys.24.79,10.1103/RevModPhys.16.1,3,13,0,9
10.1103/RevModPhys.24.79,10.1103/RevModPhys.20.296,3,13,0,4
10.1103/RevModPhys.86.563,10.1103/RevModPhys.85.367,1,6,0,4
10.1103/RevModPhys.84.1343,10.1103/RevModPhys.75.1287,0,1,7,36
10.1103/RevModPhys.85.655,10.1103/RevModPhys.77.1257,3,6,3,7
10.1103/RevModPhys.77.1423,10.1103/RevModPhys.77.1,17,50,2,52
10.1103/RevModPhys.70.1341,10.1103/RevModPhys.65.1199,0,0,2,15
10.1103/RevModPhys.86.563,10.1103/RevModPhys.84.1253,1,6,2,46
10.1103/RevModPhys.71.S25,10.1103/RevModPhys.20.537,0,0,2,35
10.1103/RevModPhys.71.S25,10.1103/RevModPhys.21.124,0,0,0,0
10.1103/RevModPhys.87.765,10.1103/RevModPhys.81.163,1,9,30,180
10.1103/RevModPhys.84.839,10.1103/RevModPhys.82.499,0,5,6,30
10.1103/RevModPhys.74.1283,10.1103/RevModPhys.73.463,9,99,7,12
10.1103/RevModPhys.29.547,10.1103/RevModPhys.28.53,8,42,3,8
10.1103/RevModPhys.47.877,10.1103/RevModPhys.28.53,0,0,3,8
10.1103/RevModPhys.88.045002,10.1103/RevModPhys.80.965,0,0,0,5
10.1103/RevModPhys.22.386,10.1103/RevModPhys.22.36,0,5,0,2
10.1103/RevModPhys.84.1231,10.1103/RevModPhys.84.449,1,0,0,11
10.1103/RevModPhys.77.1423,10.1103/RevModPhys.77.1,17,50,2,52
10.1103/RevModPhys.29.547,10.1103/RevModPhys.28.53,8,42,3,8
10.1103/RevModPhys.47.877,10.1103/RevModPhys.28.53,0,0,3,8
10.1103/RevModPhys.29.547,10.1103/RevModPhys.29.465,8,42,2,45
10.1103/RevModPhys.29.547,10.1103/RevModPhys.22.153,8,42,2,10
10.1103/RevModPhys.29.547,10.1103/RevModPhys.22.1,8,42,0,4
10.1103/RevModPhys.55.511,10.1103/RevModPhys.29.465,0,1,2,45
10.1103/RevModPhys.55.511,10.1103/RevModPhys.22.153,0,1,2,10
10.1103/RevModPhys.82.3069,10.1103/RevModPhys.52.299,7,22,15,186
10.1103/RevModPhys.65.47,10.1103/RevModPhys.60.629,0,8,1,7
10.1103/RevModPhys.47.877,10.1103/RevModPhys.46.755,0,0,2,0
10.1103/RevModPhys.54.1183,10.1103/RevModPhys.29.465,1,2,2,45
10.1103/RevModPhys.54.1183,10.1103/RevModPhys.22.153,1,2,2,10
10.1103/RevModPhys.70.1341,10.1103/RevModPhys.69.137,0,0,1,1
10.1103/RevModPhys.47.877,10.1103/RevModPhys.22.153,0,0,2,10
10.1103/RevModPhys.47.877,10.1103/RevModPhys.22.1,0,0,0,4
10.1103/RevModPhys.30.471,10.1103/RevModPhys.21.474,1,5,0,5
10.1103/RevModPhys.84.1231,10.1103/RevModPhys.80.731,1,0,1,4
10.1103/RevModPhys.71.S25,10.1103/RevModPhys.10.133,0,0,0,3
10.1103/RevModPhys.71.S25,10.1103/RevModPhys.60.701,0,0,4,25
10.1103/RevModPhys.71.S25,10.1103/RevModPhys.53.127,0,0,1,15
10.1103/RevModPhys.85.655,10.1103/RevModPhys.74.1221,3,6,0,10
10.1103/RevModPhys.85.655,10.1103/RevModPhys.77.1257,3,6,3,7
10.1103/RevModPhys.77.371,10.1103/RevModPhys.65.677,3,49,6,63
10.1103/RevModPhys.55.511,10.1103/RevModPhys.29.235,0,1,0,2
10.1103/RevModPhys.86.563,10.1103/RevModPhys.84.1253,1,6,2,46
10.1103/RevModPhys.22.386,10.1103/RevModPhys.21.271,0,5,1,12
10.1103/RevModPhys.22.386,10.1103/RevModPhys.15.209,0,5,2,33
10.1103/RevModPhys.22.386,10.1103/RevModPhys.16.1,0,5,0,9
10.1103/RevModPhys.77.371,10.1103/RevModPhys.65.677,3,49,6,63
10.1103/RevModPhys.47.877,10.1103/RevModPhys.22.153,0,0,2,10
10.1103/RevModPhys.47.877,10.1103/RevModPhys.24.273,0,0,0,2
10.1103/RevModPhys.88.011002,10.1103/RevModPhys.84.885,0,2,1,1
10.1103/RevModPhys.71.S25,10.1103/RevModPhys.20.537,0,0,2,35
10.1103/RevModPhys.85.1295,10.1103/RevModPhys.83.131,0,0,9,35
10.1103/RevModPhys.47.877,10.1103/RevModPhys.21.357,0,0,1,1
10.1103/RevModPhys.77.1423,10.1103/RevModPhys.74.1221,17,50,0,10
10.1103/RevModPhys.47.877,10.1103/RevModPhys.22.153,0,0,2,10
10.1103/RevModPhys.84.1231,10.1103/RevModPhys.80.731,1,0,1,4
10.1103/RevModPhys.84.1343,10.1103/RevModPhys.82.1593,0,1,1,1
10.1103/RevModPhys.84.1343,10.1103/RevModPhys.81.1495,0,1,4,36
10.1103/RevModPhys.77.371,10.1103/RevModPhys.71.1695,3,49,6,24
10.1103/RevModPhys.77.371,10.1103/RevModPhys.65.611,3,49,13,113
10.1103/RevModPhys.59.287,10.1103/RevModPhys.55.583,0,2,1,32
10.1103/RevModPhys.68.1015,10.1103/RevModPhys.67.759,4,52,0,5
10.1103/RevModPhys.17.287,10.1103/RevModPhys.12.1,0,0,0,5
10.1103/RevModPhys.86.563,10.1103/RevModPhys.85.367,1,6,0,4
10.1103/RevModPhys.73.857,10.1103/RevModPhys.70.653,5,11,2,32
10.1103/RevModPhys.72.25,10.1103/RevModPhys.55.449,0,11,2,3
10.1103/RevModPhys.17.287,10.1103/RevModPhys.16.1,0,0,0,9
10.1103/RevModPhys.30.471,10.1103/RevModPhys.21.474,1,5,0,5
10.1103/RevModPhys.22.386,10.1103/RevModPhys.22.36,0,5,0,2
10.1103/RevModPhys.47.877,10.1103/RevModPhys.21.625,0,0,3,10
10.1103/RevModPhys.74.1283,10.1103/RevModPhys.48.69,9,99,1,5
10.1103/RevModPhys.84.839,10.1103/RevModPhys.82.499,0,5,6,30
10.1103/RevModPhys.85.655,10.1103/RevModPhys.74.1221,3,6,0,10
10.1103/RevModPhys.85.655,10.1103/RevModPhys.77.1257,3,6,3,7
10.1103/RevModPhys.60.161,10.1103/RevModPhys.54.437,15,102,43,314
10.1103/RevModPhys.87.765,10.1103/RevModPhys.84.1011,1,9,0,12
10.1103/RevModPhys.88.045002,10.1103/RevModPhys.85.795,0,0,0,0
10.1103/RevModPhys.47.877,10.1103/RevModPhys.22.153,0,0,2,10
10.1103/RevModPhys.22.386,10.1103/RevModPhys.22.36,0,5,0,2
10.1103/RevModPhys.84.1231,10.1103/RevModPhys.17.297,1,0,0,5
10.1103/RevModPhys.70.1341,10.1103/RevModPhys.65.1199,0,0,2,15
10.1103/RevModPhys.77.1423,10.1103/RevModPhys.72.351,17,50,2,48
10.1103/RevModPhys.22.386,10.1103/RevModPhys.15.209,0,5,2,33
10.1103/RevModPhys.84.839,10.1103/RevModPhys.82.499,0,5,6,30
10.1103/RevModPhys.30.368,10.1103/RevModPhys.21.474,1,17,0,5
10.1103/RevModPhys.77.1423,10.1103/RevModPhys.77.1,17,50,2,52
10.1103/RevModPhys.32.322,10.1103/RevModPhys.22.1,0,1,0,4
10.1103/RevModPhys.86.563,10.1103/RevModPhys.85.367,1,6,0,4
10.1103/RevModPhys.84.1343,10.1103/RevModPhys.82.1593,0,1,1,1
10.1103/RevModPhys.84.1343,10.1103/RevModPhys.75.1287,0,1,7,36
10.1103/RevModPhys.59.287,10.1103/RevModPhys.30.102,0,2,2,9
10.1103/RevModPhys.85.1295,10.1103/RevModPhys.83.131,0,0,9,35
10.1103/RevModPhys.84.1231,10.1103/RevModPhys.65.1199,1,0,2,15
10.1103/RevModPhys.84.1231,10.1103/RevModPhys.82.1095,1,0,2,11
10.1103/RevModPhys.59.287,10.1103/RevModPhys.50.797,0,2,6,31
10.1103/RevModPhys.59.287,10.1103/RevModPhys.21.185,0,2,1,19
10.1103/RevModPhys.59.287,10.1103/RevModPhys.2.123,0,2,0,21
10.1103/RevModPhys.55.511,10.1103/RevModPhys.52.285,0,1,0,14
10.1103/RevModPhys.84.1231,10.1103/RevModPhys.80.731,1,0,1,4
10.1103/RevModPhys.84.1343,10.1103/RevModPhys.76.323,0,1,51,481
10.1103/RevModPhys.85.1295,10.1103/RevModPhys.82.427,0,0,1,9
10.1103/RevModPhys.84.1343,10.1103/RevModPhys.81.1495,0,1,4,36
10.1103/RevModPhys.85.1295,10.1103/RevModPhys.83.131,0,0,9,35
10.1103/RevModPhys.29.547,10.1103/RevModPhys.21.271,8,42,1,12
10.1103/RevModPhys.78.1111,10.1103/RevModPhys.76.599,0,10,2,40
10.1103/RevModPhys.84.1231,10.1103/RevModPhys.80.731,1,0,1,4
10.1103/RevModPhys.71.S25,10.1103/RevModPhys.28.164,0,0,0,0
10.1103/RevModPhys.68.473,10.1103/RevModPhys.58.1021,3,19,3,17
10.1103/RevModPhys.68.473,10.1103/RevModPhys.59.235,3,19,0,6
10.1103/RevModPhys.85.655,10.1103/RevModPhys.77.1257,3,6,3,7
10.1103/RevModPhys.30.471,10.1103/RevModPhys.21.474,1,5,0,5
10.1103/RevModPhys.86.563,10.1103/RevModPhys.85.367,1,6,0,4
10.1103/RevModPhys.74.1283,10.1103/RevModPhys.74.895,9,99,7,47
10.1103/RevModPhys.87.765,10.1103/RevModPhys.82.2257,1,9,6,72
10.1103/RevModPhys.87.765,10.1103/RevModPhys.81.163,1,9,30,180
10.1103/RevModPhys.84.1231,10.1103/RevModPhys.80.731,1,0,1,4
10.1103/RevModPhys.22.386,10.1103/RevModPhys.15.209,0,5,2,33
10.1103/RevModPhys.22.386,10.1103/RevModPhys.16.1,0,5,0,9
10.1103/RevModPhys.22.386,10.1103/RevModPhys.20.296,0,5,0,4
10.1103/RevModPhys.84.1231,10.1103/RevModPhys.80.633,1,0,6,49
10.1103/RevModPhys.88.011002,10.1103/RevModPhys.84.885,0,2,1,1
10.1103/RevModPhys.22.386,10.1103/RevModPhys.21.271,0,5,1,12
10.1103/RevModPhys.22.386,10.1103/RevModPhys.15.209,0,5,2,33
10.1103/RevModPhys.22.386,10.1103/RevModPhys.16.1,0,5,0,9
10.1103/RevModPhys.22.386,10.1103/RevModPhys.22.36,0,5,0,2
10.1103/RevModPhys.59.287,10.1103/RevModPhys.35.702,0,2,0,2
10.1103/RevModPhys.84.1343,10.1103/RevModPhys.81.1495,0,1,4,36
10.1103/RevModPhys.84.1343,10.1103/RevModPhys.75.1287,0,1,7,36
10.1103/RevModPhys.71.S25,10.1103/RevModPhys.11.191,0,0,1,1
10.1103/RevModPhys.71.S25,10.1103/RevModPhys.10.133,0,0,0,3
10.1103/RevModPhys.71.S25,10.1103/RevModPhys.60.69,0,0,1,24
10.1103/RevModPhys.86.121,10.1103/RevModPhys.83.771,2,14,6,87
10.1103/RevModPhys.86.121,10.1103/RevModPhys.32.25,2,14,0,29
10.1103/RevModPhys.88.045002,10.1103/RevModPhys.85.795,0,0,0,0
10.1103/RevModPhys.84.1231,10.1103/RevModPhys.80.731,1,0,1,4
10.1103/RevModPhys.22.386,10.1103/RevModPhys.15.209,0,5,2,33
10.1103/RevModPhys.68.473,10.1103/RevModPhys.58.1021,3,19,3,17
10.1103/RevModPhys.68.473,10.1103/RevModPhys.59.235,3,19,0,6
10.1103/RevModPhys.87.765,10.1103/RevModPhys.81.163,1,9,30,180
10.1103/RevModPhys.59.287,10.1103/RevModPhys.34.80,0,2,0,4
10.1103/RevModPhys.77.371,10.1103/RevModPhys.71.1695,3,49,6,24
10.1103/RevModPhys.85.655,10.1103/RevModPhys.74.1221,3,6,0,10
10.1103/RevModPhys.85.655,10.1103/RevModPhys.77.1257,3,6,3,7
10.1103/RevModPhys.77.371,10.1103/RevModPhys.65.611,3,49,13,113
10.1103/RevModPhys.77.371,10.1103/RevModPhys.65.677,3,49,6,63
10.1103/RevModPhys.33.493,10.1103/RevModPhys.30.24,0,1,2,30
10.1103/RevModPhys.55.511,10.1103/RevModPhys.21.625,0,1,3,10
10.1103/RevModPhys.55.511,10.1103/RevModPhys.51.425,0,1,0,0
10.1103/RevModPhys.55.511,10.1103/RevModPhys.22.153,0,1,2,10
10.1103/RevModPhys.84.1231,10.1103/RevModPhys.80.731,1,0,1,4
10.1103/RevModPhys.86.563,10.1103/RevModPhys.85.367,1,6,0,4
10.1103/RevModPhys.47.877,10.1103/RevModPhys.21.625,0,0,3,10
10.1103/RevModPhys.52.545,10.1103/RevModPhys.46.279,0,2,0,9
10.1103/RevModPhys.85.1295,10.1103/RevModPhys.83.131,0,0,9,35
10.1103/RevModPhys.47.877,10.1103/RevModPhys.22.153,0,0,2,10
10.1103/RevModPhys.59.287,10.1103/RevModPhys.35.702,0,2,0,2
10.1103/RevModPhys.84.1343,10.1103/RevModPhys.82.1593,0,1,1,1
10.1103/RevModPhys.30.368,10.1103/RevModPhys.21.474,1,17,0,5
10.1103/RevModPhys.87.765,10.1103/RevModPhys.74.601,1,9,64,231
10.1103/RevModPhys.77.371,10.1103/RevModPhys.65.611,3,49,13,113
10.1103/RevModPhys.77.371,10.1103/RevModPhys.65.677,3,49,6,63
10.1103/RevModPhys.86.563,10.1103/RevModPhys.84.1253,1,6,2,46
10.1103/RevModPhys.86.563,10.1103/RevModPhys.85.367,1,6,0,4
10.1103/RevModPhys.84.1343,10.1103/RevModPhys.81.1495,0,1,4,36
10.1103/RevModPhys.78.1111,10.1103/RevModPhys.69.981,0,10,0,9
10.1103/RevModPhys.78.1111,10.1103/RevModPhys.71.463,0,10,59,415
10.1103/RevModPhys.88.045002,10.1103/RevModPhys.83.1111,0,0,0,3
10.1103/RevModPhys.47.877,10.1103/RevModPhys.21.104,0,0,0,2
10.1103/RevModPhys.47.877,10.1103/RevModPhys.20.334,0,0,0,11
10.1103/RevModPhys.47.877,10.1103/RevModPhys.20.537,0,0,2,35
10.1103/RevModPhys.87.307,10.1103/RevModPhys.77.513,1,18,33,228
10.1103/RevModPhys.87.307,10.1103/RevModPhys.84.621,1,18,22,124
10.1103/RevModPhys.68.1015,10.1103/RevModPhys.55.109,4,52,2,26
10.1103/RevModPhys.68.1015,10.1103/RevModPhys.34.723,4,52,0,6
10.1103/RevModPhys.47.877,10.1103/RevModPhys.46.255,0,0,1,13
10.1103/RevModPhys.71.S25,10.1103/RevModPhys.21.124,0,0,0,0
10.1103/RevModPhys.71.S25,10.1103/RevModPhys.20.537,0,0,2,35
10.1103/RevModPhys.71.S25,10.1103/RevModPhys.21.474,0,0,0,5
10.1103/RevModPhys.47.877,10.1103/RevModPhys.22.153,0,0,2,10
10.1103/RevModPhys.71.1275,10.1103/RevModPhys.52.199,1,4,3,35
10.1103/RevModPhys.84.1231,10.1103/RevModPhys.80.731,1,0,1,4
10.1103/RevModPhys.71.S25,10.1103/RevModPhys.9.245,0,0,2,77
10.1103/RevModPhys.47.877,10.1103/RevModPhys.9.245,0,0,2,77
10.1103/RevModPhys.68.473,10.1103/RevModPhys.58.1021,3,19,3,17
10.1103/RevModPhys.71.S25,10.1103/RevModPhys.11.191,0,0,1,1
10.1103/RevModPhys.71.S25,10.1103/RevModPhys.10.133,0,0,0,3
10.1103/RevModPhys.71.S25,10.1103/RevModPhys.13.240,0,0,6,92
10.1103/RevModPhys.47.877,10.1103/RevModPhys.11.191,0,0,1,1
10.1103/RevModPhys.47.877,10.1103/RevModPhys.10.133,0,0,0,3
10.1103/RevModPhys.47.877,10.1103/RevModPhys.13.240,0,0,6,92
10.1103/RevModPhys.84.1343,10.1103/RevModPhys.75.1287,0,1,7,36
10.1103/RevModPhys.86.121,10.1103/RevModPhys.52.285,2,14,0,14
10.1103/RevModPhys.85.655,10.1103/RevModPhys.68.259,3,6,0,3
10.1103/RevModPhys.32.919,10.1103/RevModPhys.3.191,0,0,0,7
10.1103/RevModPhys.71.1275,10.1103/RevModPhys.63.597,1,4,0,3
10.1103/RevModPhys.59.287,10.1103/RevModPhys.30.102,0,2,2,9
10.1103/RevModPhys.59.287,10.1103/RevModPhys.7.237,0,2,1,3
10.1103/RevModPhys.74.1283,10.1103/RevModPhys.57.287,9,99,61,391
10.1103/RevModPhys.84.1231,10.1103/RevModPhys.80.731,1,0,1,4
10.1103/RevModPhys.87.307,10.1103/RevModPhys.77.513,1,18,33,228
10.1103/RevModPhys.87.307,10.1103/RevModPhys.84.621,1,18,22,124
10.1103/RevModPhys.85.655,10.1103/RevModPhys.77.1257,3,6,3,7
10.1103/RevModPhys.77.1423,10.1103/RevModPhys.53.127,17,50,1,15
10.1103/RevModPhys.87.765,10.1103/RevModPhys.81.163,1,9,30,180
10.1103/RevModPhys.86.563,10.1103/RevModPhys.84.1253,1,6,2,46
10.1103/RevModPhys.71.S25,10.1103/RevModPhys.65.1149,0,0,0,6
10.1103/RevModPhys.74.1283,10.1103/RevModPhys.73.251,9,99,14,70
10.1103/RevModPhys.85.655,10.1103/RevModPhys.77.1257,3,6,3,7
10.1103/RevModPhys.84.1231,10.1103/RevModPhys.53.673,1,0,4,8
10.1103/RevModPhys.84.1343,10.1103/RevModPhys.81.1495,0,1,4,36
10.1103/RevModPhys.71.1275,10.1103/RevModPhys.45.615,1,4,1,23
10.1103/RevModPhys.78.1111,10.1103/RevModPhys.76.599,0,10,2,40
10.1103/RevModPhys.88.045002,10.1103/RevModPhys.85.795,0,0,0,0
10.1103/RevModPhys.77.1423,10.1103/RevModPhys.72.351,17,50,2,48
10.1103/RevModPhys.78.1111,10.1103/RevModPhys.71.463,0,10,59,415
10.1103/RevModPhys.60.161,10.1103/RevModPhys.55.583,15,102,1,32
10.1103/RevModPhys.68.1015,10.1103/RevModPhys.54.389,4,52,6,11
10.1103/RevModPhys.68.1015,10.1103/RevModPhys.34.723,4,52,0,6
10.1103/RevModPhys.22.386,10.1103/RevModPhys.15.209,0,5,2,33
10.1103/RevModPhys.86.563,10.1103/RevModPhys.85.367,1,6,0,4
10.1103/RevModPhys.78.1111,10.1103/RevModPhys.78.179,0,10,19,170
10.1103/RevModPhys.85.655,10.1103/RevModPhys.77.1257,3,6,3,7
10.1103/RevModPhys.86.563,10.1103/RevModPhys.80.517,1,6,29,239
10.1103/RevModPhys.86.563,10.1103/RevModPhys.85.367,1,6,0,4
10.1103/RevModPhys.84.353,10.1103/RevModPhys.34.723,1,1,0,6
10.1103/RevModPhys.84.353,10.1103/RevModPhys.37.679,1,1,5,14
10.1103/RevModPhys.84.1343,10.1103/RevModPhys.81.1495,0,1,4,36
10.1103/RevModPhys.74.1283,10.1103/RevModPhys.60.701,9,99,4,25
10.1103/RevModPhys.78.1111,10.1103/RevModPhys.76.599,0,10,2,40
10.1103/RevModPhys.77.371,10.1103/RevModPhys.65.611,3,49,13,113
10.1103/RevModPhys.53.367,10.1103/RevModPhys.52.525,0,2,0,6
10.1103/RevModPhys.53.367,10.1103/RevModPhys.52.515,0,2,0,8
10.1103/RevModPhys.54.1183,10.1103/RevModPhys.53.373,1,2,0,3
10.1103/RevModPhys.84.1231,10.1103/RevModPhys.82.1095,1,0,2,11
10.1103/RevModPhys.84.1231,10.1103/RevModPhys.82.2365,1,0,0,5
10.1103/RevModPhys.26.311,10.1103/RevModPhys.21.185,0,9,1,19
10.1103/RevModPhys.22.386,10.1103/RevModPhys.9.245,0,5,2,77
10.1103/RevModPhys.22.386,10.1103/RevModPhys.15.209,0,5,2,33
10.1103/RevModPhys.22.386,10.1103/RevModPhys.16.1,0,5,0,9
10.1103/RevModPhys.84.839,10.1103/RevModPhys.68.1259,0,5,38,266
10.1103/RevModPhys.84.839,10.1103/RevModPhys.82.499,0,5,6,30
10.1103/RevModPhys.77.1423,10.1103/RevModPhys.55.109,17,50,2,26
10.1103/RevModPhys.85.655,10.1103/RevModPhys.77.1257,3,6,3,7
10.1103/RevModPhys.86.563,10.1103/RevModPhys.85.367,1,6,0,4
10.1103/RevModPhys.74.1283,10.1103/RevModPhys.72.351,9,99,2,48
10.1103/RevModPhys.84.839,10.1103/RevModPhys.82.499,0,5,6,30
10.1103/RevModPhys.78.1111,10.1103/RevModPhys.76.599,0,10,2,40
10.1103/RevModPhys.70.1341,10.1103/RevModPhys.46.255,0,0,1,13
10.1103/RevModPhys.70.1341,10.1103/RevModPhys.55.477,0,0,0,0
10.1103/RevModPhys.71.S25,10.1103/RevModPhys.28.164,0,0,0,0
10.1103/RevModPhys.53.367,10.1103/RevModPhys.28.164,0,2,0,0
10.1103/RevModPhys.71.S25,10.1103/RevModPhys.52.515,0,0,0,8
10.1103/RevModPhys.71.S25,10.1103/RevModPhys.65.1149,0,0,0,6
10.1103/RevModPhys.53.367,10.1103/RevModPhys.52.515,0,2,0,8
10.1103/RevModPhys.85.655,10.1103/RevModPhys.77.1257,3,6,3,7
10.1103/RevModPhys.71.1275,10.1103/RevModPhys.63.597,1,4,0,3
10.1103/RevModPhys.32.919,10.1103/RevModPhys.9.1,0,0,0,1
10.1103/RevModPhys.32.919,10.1103/RevModPhys.2.123,0,0,0,21
10.1103/RevModPhys.86.121,10.1103/RevModPhys.69.373,2,14,26,105
10.1103/RevModPhys.70.1341,10.1103/RevModPhys.68.259,0,0,0,3
10.1103/RevModPhys.70.1341,10.1103/RevModPhys.64.1151,0,0,0,1
10.1103/RevModPhys.84.1231,10.1103/RevModPhys.82.1095,1,0,2,11
10.1103/RevModPhys.77.371,10.1103/RevModPhys.65.611,3,49,13,113
10.1103/RevModPhys.74.1283,10.1103/RevModPhys.65.611,9,99,13,113
10.1103/RevModPhys.77.371,10.1103/RevModPhys.65.677,3,49,6,63
10.1103/RevModPhys.74.1283,10.1103/RevModPhys.65.677,9,99,6,63
10.1103/RevModPhys.84.1231,10.1103/RevModPhys.80.731,1,0,1,4
10.1103/RevModPhys.86.563,10.1103/RevModPhys.85.367,1,6,0,4
10.1103/RevModPhys.68.1015,10.1103/RevModPhys.54.389,4,52,6,11
10.1103/RevModPhys.86.121,10.1103/RevModPhys.85.1083,2,14,5,14
10.1103/RevModPhys.86.121,10.1103/RevModPhys.75.715,2,14,35,283
10.1103/RevModPhys.68.473,10.1103/RevModPhys.58.1021,3,19,3,17
10.1103/RevModPhys.85.655,10.1103/RevModPhys.77.1257,3,6,3,7
10.1103/RevModPhys.77.1423,10.1103/RevModPhys.68.1125,17,50,31,168
10.1103/RevModPhys.77.371,10.1103/RevModPhys.49.481,3,49,0,3
10.1103/RevModPhys.88.045002,10.1103/RevModPhys.83.1111,0,0,0,3
10.1103/RevModPhys.68.1015,10.1103/RevModPhys.35.624,4,52,0,3
10.1103/RevModPhys.78.1111,10.1103/RevModPhys.74.1131,0,10,3,69
10.1103/RevModPhys.68.1015,10.1103/RevModPhys.35.690,4,52,0,7
10.1103/RevModPhys.68.1015,10.1103/RevModPhys.32.328,4,52,0,12
10.1103/RevModPhys.68.1015,10.1103/RevModPhys.39.203,4,52,0,4
10.1103/RevModPhys.68.1015,10.1103/RevModPhys.35.494,4,52,0,0
10.1103/RevModPhys.68.1015,10.1103/RevModPhys.32.275,4,52,0,2
10.1103/RevModPhys.68.1015,10.1103/RevModPhys.35.445,4,52,0,3
10.1103/RevModPhys.68.1015,10.1103/RevModPhys.39.228,4,52,0,4
10.1103/RevModPhys.82.1843,10.1103/RevModPhys.74.601,2,5,64,231
10.1103/RevModPhys.85.655,10.1103/RevModPhys.77.1257,3,6,3,7
10.1103/RevModPhys.30.368,10.1103/RevModPhys.21.474,1,17,0,5
10.1103/RevModPhys.87.307,10.1103/RevModPhys.81.865,1,18,44,445
10.1103/RevModPhys.68.473,10.1103/RevModPhys.66.193,3,19,0,4
10.1103/RevModPhys.68.473,10.1103/RevModPhys.61.25,3,19,1,6
10.1103/RevModPhys.88.021001,10.1103/RevModPhys.85.197,0,0,1,7
10.1103/RevModPhys.68.1015,10.1103/RevModPhys.60.629,4,52,1,7
10.1103/RevModPhys.65.47,10.1103/RevModPhys.39.629,0,8,0,1
10.1103/RevModPhys.68.1015,10.1103/RevModPhys.39.439,4,52,0,18
10.1103/RevModPhys.68.1015,10.1103/RevModPhys.34.390,4,52,0,2
10.1103/RevModPhys.68.1015,10.1103/RevModPhys.58.449,4,52,1,5
10.1103/RevModPhys.86.563,10.1103/RevModPhys.80.1083,1,6,52,411
10.1103/RevModPhys.85.1295,10.1103/RevModPhys.83.131,0,0,9,35
10.1103/RevModPhys.22.386,10.1103/RevModPhys.22.153,0,5,2,10
10.1103/RevModPhys.84.1343,10.1103/RevModPhys.75.1287,0,1,7,36
10.1103/RevModPhys.84.1343,10.1103/RevModPhys.81.1495,0,1,4,36
10.1103/RevModPhys.71.S25,10.1103/RevModPhys.61.547,0,0,0,0
10.1103/RevModPhys.71.S25,10.1103/RevModPhys.65.1149,0,0,0,6
10.1103/RevModPhys.65.47,10.1103/RevModPhys.39.629,0,8,0,1
10.1103/RevModPhys.65.47,10.1103/RevModPhys.39.584,0,8,0,0
10.1103/RevModPhys.60.161,10.1103/RevModPhys.54.437,15,102,43,314
10.1103/RevModPhys.84.1231,10.1103/RevModPhys.84.399,1,0,1,2
10.1103/RevModPhys.88.021001,10.1103/RevModPhys.85.197,0,0,1,7
10.1103/RevModPhys.86.563,10.1103/RevModPhys.84.759,1,6,0,24
10.1103/RevModPhys.77.1423,10.1103/RevModPhys.55.109,17,50,2,26
10.1103/RevModPhys.88.045002,10.1103/RevModPhys.80.965,0,0,0,5
10.1103/RevModPhys.60.161,10.1103/RevModPhys.54.437,15,102,43,314
10.1103/RevModPhys.84.1343,10.1103/RevModPhys.82.1887,0,1,1,14
10.1103/RevModPhys.85.655,10.1103/RevModPhys.77.1257,3,6,3,7
10.1103/RevModPhys.70.1341,10.1103/RevModPhys.63.597,0,0,0,3
10.1103/RevModPhys.70.1341,10.1103/RevModPhys.63.615,0,0,0,4
10.1103/RevModPhys.70.1341,10.1103/RevModPhys.65.1199,0,0,2,15
10.1103/RevModPhys.86.563,10.1103/RevModPhys.85.367,1,6,0,4
10.1103/RevModPhys.70.1341,10.1103/RevModPhys.55.477,0,0,0,0
10.1103/RevModPhys.85.1295,10.1103/RevModPhys.84.1045,0,0,4,34
10.1103/RevModPhys.85.1295,10.1103/RevModPhys.83.131,0,0,9,35
10.1103/RevModPhys.30.471,10.1103/RevModPhys.27.40,1,5,0,5
10.1103/RevModPhys.70.1341,10.1103/RevModPhys.49.717,0,0,0,9
10.1103/RevModPhys.85.655,10.1103/RevModPhys.77.1257,3,6,3,7
10.1103/RevModPhys.30.471,10.1103/RevModPhys.30.24,1,5,2,30
10.1103/RevModPhys.84.353,10.1103/RevModPhys.46.773,1,1,0,6
10.1103/RevModPhys.86.563,10.1103/RevModPhys.46.705,1,6,0,3
10.1103/RevModPhys.87.765,10.1103/RevModPhys.84.1011,1,9,0,12
10.1103/RevModPhys.68.1015,10.1103/RevModPhys.34.723,4,52,0,6
10.1103/RevModPhys.78.1111,10.1103/RevModPhys.46.705,0,10,0,3
10.1103/RevModPhys.65.47,10.1103/RevModPhys.64.491,0,8,4,11
10.1103/RevModPhys.47.877,10.1103/RevModPhys.56.149,0,0,0,6
10.1103/RevModPhys.22.386,10.1103/RevModPhys.23.10,0,5,0,7
10.1103/RevModPhys.68.1015,10.1103/RevModPhys.72.497,4,52,5,35
10.1103/RevModPhys.22.386,10.1103/RevModPhys.23.10,0,5,0,7
10.1103/RevModPhys.70.1341,10.1103/RevModPhys.74.1221,0,0,0,10
10.1103/RevModPhys.22.386,10.1103/RevModPhys.23.10,0,5,0,7
10.1103/RevModPhys.68.473,10.1103/RevModPhys.84.449,3,19,0,11
10.1103/RevModPhys.29.547,10.1103/RevModPhys.56.149,8,42,0,6
10.1103/RevModPhys.22.386,10.1103/RevModPhys.23.10,0,5,0,7
10.1103/RevModPhys.71.1275,10.1103/RevModPhys.74.1221,1,4,0,10
10.1103/RevModPhys.29.547,10.1103/RevModPhys.56.149,8,42,0,6
10.1103/RevModPhys.68.1015,10.1103/RevModPhys.72.497,4,52,5,35
10.1103/RevModPhys.22.386,10.1103/RevModPhys.23.10,0,5,0,7
10.1103/RevModPhys.84.1343,10.1103/RevModPhys.86.1127,0,1,0,1
10.1103/RevModPhys.22.386,10.1103/RevModPhys.23.10,0,5,0,7
10.1103/RevModPhys.84.1343,10.1103/RevModPhys.84.1419,0,1,7,72
10.1103/RevModPhys.77.371,10.1103/RevModPhys.81.1051,3,49,10,72
10.1103/RevModPhys.77.371,10.1103/RevModPhys.84.157,3,49,4,14
10.1103/RevModPhys.30.471,10.1103/RevModPhys.44.250,1,5,1,3
10.1103/RevModPhys.47.877,10.1103/RevModPhys.48.107,0,0,1,4
10.1103/RevModPhys.30.471,10.1103/RevModPhys.58.449,1,5,1,5
10.1103/RevModPhys.22.386,10.1103/RevModPhys.23.10,0,5,0,7
10.1103/RevModPhys.74.1283,10.1103/RevModPhys.82.2365,9,99,0,5
10.1103/RevModPhys.22.386,10.1103/RevModPhys.23.10,0,5,0,7
10.1103/RevModPhys.71.1275,10.1103/RevModPhys.74.1221,1,4,0,10
10.1103/RevModPhys.52.545,10.1103/RevModPhys.64.491,0,2,4,11
10.1103/RevModPhys.29.547,10.1103/RevModPhys.71.S220,8,42,0,0
10.1103/RevModPhys.22.386,10.1103/RevModPhys.23.10,0,5,0,7
10.1103/RevModPhys.78.1111,10.1103/RevModPhys.83.307,0,10,0,7
10.1103/RevModPhys.29.547,10.1103/RevModPhys.56.149,8,42,0,6
10.1103/RevModPhys.30.471,10.1103/RevModPhys.58.449,1,5,1,5
10.1103/RevModPhys.22.386,10.1103/RevModPhys.23.10,0,5,0,7
10.1103/RevModPhys.78.1111,10.1103/RevModPhys.80.885,0,10,95,898
10.1103/RevModPhys.78.1111,10.1103/RevModPhys.79.235,0,10,5,43
10.1103/RevModPhys.74.1283,10.1103/RevModPhys.75.1101,9,99,1,28
10.1103/RevModPhys.71.1275,10.1103/RevModPhys.74.1221,1,4,0,10
10.1103/RevModPhys.33.493,10.1103/RevModPhys.35.314,0,1,0,7
10.1103/RevModPhys.60.161,10.1103/RevModPhys.75.181,15,102,1,7
10.1103/RevModPhys.54.1183,10.1103/RevModPhys.69.337,1,2,0,7
10.1103/RevModPhys.84.1343,10.1103/RevModPhys.86.1127,0,1,0,1
10.1103/RevModPhys.29.547,10.1103/RevModPhys.56.149,8,42,0,6
10.1103/RevModPhys.87.765,10.1103/RevModPhys.88.045004,1,9,0,0
10.1103/RevModPhys.55.511,10.1103/RevModPhys.86.509,0,1,0,6
10.1103/RevModPhys.47.877,10.1103/RevModPhys.48.107,0,0,1,4
10.1103/RevModPhys.37.393,10.1103/RevModPhys.38.121,0,0,1,14
10.1103/RevModPhys.74.1283,10.1103/RevModPhys.82.2365,9,99,0,5
10.1103/RevModPhys.22.386,10.1103/RevModPhys.23.10,0,5,0,7
10.1103/RevModPhys.78.1111,10.1103/RevModPhys.80.885,0,10,95,898
10.1103/RevModPhys.84.1343,10.1103/RevModPhys.86.1127,0,1,0,1
10.1103/RevModPhys.71.1275,10.1103/RevModPhys.74.1221,1,4,0,10
10.1103/RevModPhys.71.1275,10.1103/RevModPhys.73.267,1,4,0,0
10.1103/RevModPhys.29.547,10.1103/RevModPhys.74.297,8,42,2,14
10.1103/RevModPhys.22.386,10.1103/RevModPhys.33.574,0,5,0,2
10.1103/RevModPhys.26.311,10.1103/RevModPhys.30.102,0,9,2,9
10.1103/RevModPhys.55.511,10.1103/RevModPhys.74.775,0,1,24,67
10.1103/RevModPhys.60.161,10.1103/RevModPhys.75.181,15,102,1,7
10.1103/RevModPhys.28.254,10.1103/RevModPhys.59.639,0,0,0,10
10.1103/RevModPhys.28.254,10.1103/RevModPhys.81.1051,0,0,10,72
10.1103/RevModPhys.68.1015,10.1103/RevModPhys.72.497,4,52,5,35
10.1103/RevModPhys.22.386,10.1103/RevModPhys.23.10,0,5,0,7
10.1103/RevModPhys.74.1283,10.1103/RevModPhys.85.693,9,99,1,14
10.1103/RevModPhys.71.1275,10.1103/RevModPhys.74.1221,1,4,0,10
10.1103/RevModPhys.68.1015,10.1103/RevModPhys.72.497,4,52,5,35
10.1103/RevModPhys.22.386,10.1103/RevModPhys.23.10,0,5,0,7
10.1103/RevModPhys.78.1111,10.1103/RevModPhys.80.885,0,10,95,898
10.1103/RevModPhys.47.877,10.1103/RevModPhys.73.85,0,0,2,9
10.1103/RevModPhys.71.1275,10.1103/RevModPhys.74.1221,1,4,0,10
10.1103/RevModPhys.47.877,10.1103/RevModPhys.51.425,0,0,0,0
10.1103/RevModPhys.47.877,10.1103/RevModPhys.61.25,0,0,1,6
10.1103/RevModPhys.77.1423,10.1103/RevModPhys.78.1043,17,50,1,12
10.1103/RevModPhys.53.367,10.1103/RevModPhys.65.1149,0,2,0,6
10.1103/RevModPhys.53.367,10.1103/RevModPhys.61.547,0,2,0,0
10.1103/RevModPhys.55.511,10.1103/RevModPhys.85.245,0,1,3,10
10.1103/RevModPhys.54.1183,10.1103/RevModPhys.85.245,1,2,3,10
10.1103/RevModPhys.29.547,10.1103/RevModPhys.51.425,8,42,0,0
10.1103/RevModPhys.29.547,10.1103/RevModPhys.56.149,8,42,0,6
10.1103/RevModPhys.29.547,10.1103/RevModPhys.61.25,8,42,1,6
10.1103/RevModPhys.22.386,10.1103/RevModPhys.23.10,0,5,0,7
10.1103/RevModPhys.22.386,10.1103/RevModPhys.33.139,0,5,1,6
10.1103/RevModPhys.60.161,10.1103/RevModPhys.75.181,15,102,1,7
10.1103/RevModPhys.77.1423,10.1103/RevModPhys.80.633,17,50,6,49
10.1103/RevModPhys.77.1423,10.1103/RevModPhys.84.1527,17,50,4,53
10.1103/RevModPhys.47.877,10.1103/RevModPhys.51.425,0,0,0,0
10.1103/RevModPhys.47.877,10.1103/RevModPhys.56.149,0,0,0,6
10.1103/RevModPhys.47.877,10.1103/RevModPhys.61.25,0,0,1,6
10.1103/RevModPhys.29.547,10.1103/RevModPhys.87.531,8,42,1,2
10.1103/RevModPhys.55.511,10.1103/RevModPhys.87.531,0,1,1,2
10.1103/RevModPhys.55.511,10.1103/RevModPhys.86.509,0,1,0,6
10.1103/RevModPhys.54.1183,10.1103/RevModPhys.87.531,1,2,1,2
10.1103/RevModPhys.30.471,10.1103/RevModPhys.58.449,1,5,1,5
10.1103/RevModPhys.47.877,10.1103/RevModPhys.56.149,0,0,0,6
10.1103/RevModPhys.65.47,10.1103/RevModPhys.65.1199,0,8,2,15
10.1103/RevModPhys.53.367,10.1103/RevModPhys.65.1149,0,2,0,6
10.1103/RevModPhys.68.473,10.1103/RevModPhys.84.449,3,19,0,11
10.1103/RevModPhys.71.S25,10.1103/RevModPhys.85.1583,0,0,4,5
10.1103/RevModPhys.30.471,10.1103/RevModPhys.58.449,1,5,1,5
10.1103/RevModPhys.70.1341,10.1103/RevModPhys.73.267,0,0,0,0
10.1103/RevModPhys.77.371,10.1103/RevModPhys.82.2365,3,49,0,5
10.1103/RevModPhys.55.511,10.1103/RevModPhys.78.309,0,1,4,60
10.1103/RevModPhys.22.386,10.1103/RevModPhys.23.10,0,5,0,7
10.1103/RevModPhys.78.1111,10.1103/RevModPhys.80.885,0,10,95,898
10.1103/RevModPhys.74.47,10.1103/RevModPhys.81.591,106,612,14,149
10.1103/RevModPhys.47.877,10.1103/RevModPhys.56.149,0,0,0,6
10.1103/RevModPhys.29.547,10.1103/RevModPhys.56.149,8,42,0,6
10.1103/RevModPhys.74.1283,10.1103/RevModPhys.85.693,9,99,1,14
10.1103/RevModPhys.74.47,10.1103/RevModPhys.87.925,106,612,3,15
10.1103/RevModPhys.74.47,10.1103/RevModPhys.81.591,106,612,14,149
10.1103/RevModPhys.70.1341,10.1103/RevModPhys.73.85,0,0,2,9
10.1103/RevModPhys.60.161,10.1103/RevModPhys.75.181,15,102,1,7
10.1103/RevModPhys.68.1015,10.1103/RevModPhys.72.655,4,52,3,11
10.1103/RevModPhys.26.311,10.1103/RevModPhys.48.69,0,9,1,5
10.1103/RevModPhys.45.1,10.1103/RevModPhys.46.7,0,2,0,10
10.1103/RevModPhys.45.1,10.1103/RevModPhys.55.477,0,2,0,0
10.1103/RevModPhys.59.287,10.1103/RevModPhys.86.647,0,2,1,3
10.1103/RevModPhys.26.311,10.1103/RevModPhys.78.1311,0,9,12,103
10.1103/RevModPhys.71.1275,10.1103/RevModPhys.74.1221,1,4,0,10
10.1103/RevModPhys.68.473,10.1103/RevModPhys.81.959,3,19,1,5
10.1103/RevModPhys.17.287,10.1103/RevModPhys.21.316,0,0,0,1
10.1103/RevModPhys.47.877,10.1103/RevModPhys.66.193,0,0,0,4
10.1103/RevModPhys.22.386,10.1103/RevModPhys.23.10,0,5,0,7
10.1103/RevModPhys.74.1283,10.1103/RevModPhys.82.1539,9,99,20,126
10.1103/RevModPhys.47.877,10.1103/RevModPhys.83.1173,0,0,0,1
10.1103/RevModPhys.47.877,10.1103/RevModPhys.51.425,0,0,0,0
10.1103/RevModPhys.30.368,10.1103/RevModPhys.33.8,1,17,0,4
10.1103/RevModPhys.74.47,10.1103/RevModPhys.87.925,106,612,3,15
10.1103/RevModPhys.74.1283,10.1103/RevModPhys.86.187,9,99,0,12
10.1103/RevModPhys.74.1283,10.1103/RevModPhys.85.1421,9,99,2,14
10.1103/RevModPhys.70.1341,10.1103/RevModPhys.87.531,0,0,1,2
10.1103/RevModPhys.68.1015,10.1103/RevModPhys.72.497,4,52,5,35
10.1103/RevModPhys.49.581,10.1103/RevModPhys.81.503,1,31,9,57
10.1103/RevModPhys.49.581,10.1103/RevModPhys.81.647,1,31,8,56
10.1103/RevModPhys.55.511,10.1103/RevModPhys.78.591,0,1,1,44
10.1103/RevModPhys.22.386,10.1103/RevModPhys.83.1173,0,5,0,1
10.1103/RevModPhys.22.386,10.1103/RevModPhys.78.991,0,5,3,6
10.1103/RevModPhys.22.386,10.1103/RevModPhys.29.223,0,5,0,0
10.1103/RevModPhys.30.368,10.1103/RevModPhys.35.324,1,17,0,3
10.1103/RevModPhys.78.1111,10.1103/RevModPhys.80.885,0,10,95,898
10.1103/RevModPhys.68.1015,10.1103/RevModPhys.72.497,4,52,5,35
10.1103/RevModPhys.88.021001,10.1103/RevModPhys.88.045004,0,0,0,0
10.1103/RevModPhys.74.1283,10.1103/RevModPhys.85.1421,9,99,2,14
10.1103/RevModPhys.29.547,10.1103/RevModPhys.56.149,8,42,0,6
10.1103/RevModPhys.29.547,10.1103/RevModPhys.85.809,8,42,0,0
10.1103/RevModPhys.29.547,10.1103/RevModPhys.77.1173,8,42,2,29
10.1103/RevModPhys.74.1283,10.1103/RevModPhys.85.693,9,99,1,14
10.1103/RevModPhys.74.47,10.1103/RevModPhys.87.925,106,612,3,15
10.1103/RevModPhys.47.877,10.1103/RevModPhys.56.149,0,0,0,6
10.1103/RevModPhys.47.877,10.1103/RevModPhys.85.809,0,0,0,0
10.1103/RevModPhys.47.877,10.1103/RevModPhys.77.1173,0,0,2,29
10.1103/RevModPhys.60.161,10.1103/RevModPhys.75.181,15,102,1,7
10.1103/RevModPhys.84.1343,10.1103/RevModPhys.86.1127,0,1,0,1
10.1103/RevModPhys.26.311,10.1103/RevModPhys.30.102,0,9,2,9
10.1103/RevModPhys.52.545,10.1103/RevModPhys.77.1257,0,2,3,7
10.1103/RevModPhys.30.471,10.1103/RevModPhys.58.449,1,5,1,5
10.1103/RevModPhys.45.1,10.1103/RevModPhys.75.985,0,2,1,1
10.1103/RevModPhys.68.1015,10.1103/RevModPhys.72.497,4,52,5,35
10.1103/RevModPhys.74.1283,10.1103/RevModPhys.81.647,9,99,8,56
10.1103/RevModPhys.60.161,10.1103/RevModPhys.75.181,15,102,1,7
10.1103/RevModPhys.78.1111,10.1103/RevModPhys.80.885,0,10,95,898
10.1103/RevModPhys.68.1015,10.1103/RevModPhys.72.497,4,52,5,35
10.1103/RevModPhys.72.25,10.1103/RevModPhys.82.699,0,11,0,4
10.1103/RevModPhys.53.367,10.1103/RevModPhys.84.399,0,2,1,2
10.1103/RevModPhys.53.367,10.1103/RevModPhys.65.1149,0,2,0,6
10.1103/RevModPhys.33.416,10.1103/RevModPhys.35.314,0,4,0,7
10.1103/RevModPhys.17.287,10.1103/RevModPhys.30.1137,0,0,2,31
10.1103/RevModPhys.71.S25,10.1103/RevModPhys.73.151,0,0,6,29
10.1103/RevModPhys.17.287,10.1103/RevModPhys.82.383,0,0,2,6
10.1103/RevModPhys.17.287,10.1103/RevModPhys.46.129,0,0,2,35
10.1103/RevModPhys.17.287,10.1103/RevModPhys.44.465,0,0,0,30
10.1103/RevModPhys.53.367,10.1103/RevModPhys.65.1149,0,2,0,6
10.1103/RevModPhys.74.47,10.1103/RevModPhys.81.591,106,612,14,149
10.1103/RevModPhys.53.367,10.1103/RevModPhys.65.1149,0,2,0,6
10.1103/RevModPhys.33.493,10.1103/RevModPhys.33.426,0,1,0,0
10.1103/RevModPhys.55.511,10.1103/RevModPhys.66.193,0,1,0,4
10.1103/RevModPhys.55.511,10.1103/RevModPhys.83.1173,0,1,0,1
10.1103/RevModPhys.55.511,10.1103/RevModPhys.76.1211,0,1,0,5
10.1103/RevModPhys.47.877,10.1103/RevModPhys.66.193,0,0,0,4
10.1103/RevModPhys.60.161,10.1103/RevModPhys.75.181,15,102,1,7
10.1103/RevModPhys.47.877,10.1103/RevModPhys.83.1173,0,0,0,1
10.1103/RevModPhys.47.877,10.1103/RevModPhys.51.425,0,0,0,0
10.1103/RevModPhys.47.877,10.1103/RevModPhys.76.1211,0,0,0,5
10.1103/RevModPhys.68.1015,10.1103/RevModPhys.72.497,4,52,5,35
10.1103/RevModPhys.53.367,10.1103/RevModPhys.65.1149,0,2,0,6
10.1103/RevModPhys.77.1423,10.1103/RevModPhys.80.1161,17,50,4,6
10.1103/RevModPhys.74.1283,10.1103/RevModPhys.85.693,9,99,1,14
10.1103/RevModPhys.84.1343,10.1103/RevModPhys.86.1127,0,1,0,1
10.1103/RevModPhys.28.254,10.1103/RevModPhys.72.351,0,0,2,48
10.1103/RevModPhys.60.161,10.1103/RevModPhys.75.181,15,102,1,7
10.1103/RevModPhys.28.254,10.1103/RevModPhys.32.245,0,0,0,10
10.1103/RevModPhys.60.161,10.1103/RevModPhys.75.181,15,102,1,7
10.1103/RevModPhys.74.1283,10.1103/RevModPhys.85.693,9,99,1,14
10.1103/RevModPhys.74.47,10.1103/RevModPhys.87.925,106,612,3,15
10.1103/RevModPhys.74.1283,10.1103/RevModPhys.85.693,9,99,1,14
10.1103/RevModPhys.74.1283,10.1103/RevModPhys.85.961,9,99,3,35
10.1103/RevModPhys.77.1423,10.1103/RevModPhys.88.035008,17,50,0,0
10.1103/RevModPhys.78.1111,10.1103/RevModPhys.80.885,0,10,95,898
10.1103/RevModPhys.78.1111,10.1103/RevModPhys.81.647,0,10,8,56
10.1103/RevModPhys.71.S25,10.1103/RevModPhys.73.151,0,0,6,29
10.1103/RevModPhys.47.877,10.1103/RevModPhys.51.425,0,0,0,0
10.1103/RevModPhys.74.47,10.1103/RevModPhys.87.925,106,612,3,15
10.1103/RevModPhys.47.877,10.1103/RevModPhys.56.149,0,0,0,6
10.1103/RevModPhys.47.877,10.1103/RevModPhys.85.245,0,0,3,10
10.1103/RevModPhys.71.1275,10.1103/RevModPhys.74.1221,1,4,0,10
10.1103/RevModPhys.60.161,10.1103/RevModPhys.75.181,15,102,1,7
10.1103/RevModPhys.78.1111,10.1103/RevModPhys.78.1311,0,10,12,103
10.1103/RevModPhys.29.547,10.1103/RevModPhys.33.574,8,42,0,2
10.1103/RevModPhys.29.547,10.1103/RevModPhys.31.711,8,42,0,4
10.1103/RevModPhys.29.547,10.1103/RevModPhys.31.759,8,42,0,2
10.1103/RevModPhys.71.1275,10.1103/RevModPhys.74.1221,1,4,0,10
10.1103/RevModPhys.55.511,10.1103/RevModPhys.86.509,0,1,0,6
10.1103/RevModPhys.54.1183,10.1103/RevModPhys.86.509,1,2,0,6
10.1103/RevModPhys.60.859,10.1103/RevModPhys.87.531,0,1,1,2
10.1103/RevModPhys.68.1015,10.1103/RevModPhys.71.821,4,52,2,1
10.1103/RevModPhys.74.1283,10.1103/RevModPhys.78.217,9,99,5,72
10.1103/RevModPhys.30.368,10.1103/RevModPhys.39.629,1,17,0,1
10.1103/RevModPhys.74.1283,10.1103/RevModPhys.85.693,9,99,1,14
10.1103/RevModPhys.74.47,10.1103/RevModPhys.81.591,106,612,14,149
10.1103/RevModPhys.85.1561,10.1103/RevModPhys.86.47,0,12,0,0
10.1103/RevModPhys.74.1283,10.1103/RevModPhys.82.2365,9,99,0,5
10.1103/RevModPhys.71.S25,10.1103/RevModPhys.84.399,0,0,1,2
10.1103/RevModPhys.70.1341,10.1103/RevModPhys.80.189,0,0,5,12
10.1103/RevModPhys.33.416,10.1103/RevModPhys.33.389,0,4,0,2
10.1103/RevModPhys.45.1,10.1103/RevModPhys.75.985,0,2,1,1
10.1103/RevModPhys.29.547,10.1103/RevModPhys.30.542,8,42,0,5
10.1103/RevModPhys.29.547,10.1103/RevModPhys.71.S6,8,42,0,0
10.1103/RevModPhys.60.161,10.1103/RevModPhys.75.181,15,102,1,7
10.1103/RevModPhys.74.1283,10.1103/RevModPhys.81.647,9,99,8,56
10.1103/RevModPhys.78.1111,10.1103/RevModPhys.80.1215,0,10,17,200
10.1103/RevModPhys.33.416,10.1103/RevModPhys.82.1095,0,4,2,11
10.1103/RevModPhys.68.1015,10.1103/RevModPhys.72.497,4,52,5,35
10.1103/RevModPhys.22.386,10.1103/RevModPhys.23.10,0,5,0,7
10.1103/RevModPhys.74.1283,10.1103/RevModPhys.75.1101,9,99,1,28
10.1103/RevModPhys.17.287,10.1103/RevModPhys.52.121,0,0,1,19
10.1103/RevModPhys.17.287,10.1103/RevModPhys.46.129,0,0,2,35
10.1103/RevModPhys.17.287,10.1103/RevModPhys.44.465,0,0,0,30
10.1103/RevModPhys.29.547,10.1103/RevModPhys.56.149,8,42,0,6
10.1103/RevModPhys.78.1111,10.1103/RevModPhys.80.885,0,10,95,898
10.1103/RevModPhys.78.1111,10.1103/RevModPhys.81.647,0,10,8,56
10.1103/RevModPhys.29.547,10.1103/RevModPhys.30.565,8,42,2,5
10.1103/RevModPhys.68.1015,10.1103/RevModPhys.82.2257,4,52,6,72
10.1103/RevModPhys.74.1283,10.1103/RevModPhys.85.1583,9,99,4,5
10.1103/RevModPhys.84.1343,10.1103/RevModPhys.86.1127,0,1,0,1
10.1103/RevModPhys.78.1111,10.1103/RevModPhys.80.885,0,10,95,898
10.1103/RevModPhys.77.1423,10.1103/RevModPhys.82.1095,17,50,2,11
10.1103/RevModPhys.53.367,10.1103/RevModPhys.60.69,0,2,1,24
10.1103/RevModPhys.54.1183,10.1103/RevModPhys.83.1111,1,2,0,3
10.1103/RevModPhys.60.161,10.1103/RevModPhys.75.181,15,102,1,7
10.1103/RevModPhys.54.1183,10.1103/RevModPhys.85.245,1,2,3,10
10.1103/RevModPhys.54.1183,10.1103/RevModPhys.80.577,1,2,1,15
10.1103/RevModPhys.78.1111,10.1103/RevModPhys.80.885,0,10,95,898
10.1103/RevModPhys.26.311,10.1103/RevModPhys.30.102,0,9,2,9
10.1103/RevModPhys.74.47,10.1103/RevModPhys.87.925,106,612,3,15
10.1103/RevModPhys.70.1341,10.1103/RevModPhys.73.267,0,0,0,0
10.1103/RevModPhys.70.1341,10.1103/RevModPhys.75.1243,0,0,0,1
10.1103/RevModPhys.74.47,10.1103/RevModPhys.87.925,106,612,3,15
10.1103/RevModPhys.74.1283,10.1103/RevModPhys.85.1421,9,99,2,14
10.1103/RevModPhys.71.S25,10.1103/RevModPhys.84.399,0,0,1,2
10.1103/RevModPhys.53.367,10.1103/RevModPhys.84.399,0,2,1,2
10.1103/RevModPhys.53.367,10.1103/RevModPhys.65.1149,0,2,0,6
10.1103/RevModPhys.32.919,10.1103/RevModPhys.63.341,0,0,0,0
10.1103/RevModPhys.32.919,10.1103/RevModPhys.81.1625,0,0,1,22
10.1103/RevModPhys.74.47,10.1103/RevModPhys.87.925,106,612,3,15
10.1103/RevModPhys.68.473,10.1103/RevModPhys.84.497,3,19,1,8
10.1103/RevModPhys.74.1283,10.1103/RevModPhys.85.693,9,99,1,14
10.1103/RevModPhys.74.1283,10.1103/RevModPhys.82.2365,9,99,0,5
10.1103/RevModPhys.60.161,10.1103/RevModPhys.81.1353,15,102,1,24
10.1103/RevModPhys.78.1111,10.1103/RevModPhys.80.885,0,10,95,898
10.1103/RevModPhys.77.371,10.1103/RevModPhys.81.1051,3,49,10,72
10.1103/RevModPhys.77.371,10.1103/RevModPhys.85.693,3,49,1,14
10.1103/RevModPhys.68.1015,10.1103/RevModPhys.72.497,4,52,5,35
10.1103/RevModPhys.86.121,10.1103/RevModPhys.86.1391,2,14,13,85
10.1103/RevModPhys.74.1283,10.1103/RevModPhys.81.647,9,99,8,56
10.1103/RevModPhys.77.1423,10.1103/RevModPhys.88.035008,17,50,0,0
10.1103/RevModPhys.77.1423,10.1103/RevModPhys.84.211,17,50,0,0
10.1103/RevModPhys.77.371,10.1103/RevModPhys.84.945,3,49,0,11
10.1103/RevModPhys.74.47,10.1103/RevModPhys.87.925,106,612,3,15
10.1103/RevModPhys.30.368,10.1103/RevModPhys.31.711,1,17,0,4
10.1103/RevModPhys.78.1111,10.1103/RevModPhys.80.885,0,10,95,898
10.1103/RevModPhys.30.471,10.1103/RevModPhys.30.542,1,5,0,5
10.1103/RevModPhys.86.121,10.1103/RevModPhys.86.1391,2,14,13,85
10.1103/RevModPhys.78.1111,10.1103/RevModPhys.80.885,0,10,95,898
10.1103/RevModPhys.74.1283,10.1103/RevModPhys.85.1421,9,99,2,14
10.1103/RevModPhys.65.47,10.1103/RevModPhys.71.S6,0,8,0,0
10.1103/RevModPhys.60.161,10.1103/RevModPhys.75.181,15,102,1,7
10.1103/RevModPhys.60.161,10.1103/RevModPhys.71.779,15,102,8,32
10.1103/RevModPhys.78.1111,10.1103/RevModPhys.80.885,0,10,95,898
10.1103/RevModPhys.84.839,10.1103/RevModPhys.85.529,0,5,4,13
10.1103/RevModPhys.71.1275,10.1103/RevModPhys.82.1095,1,4,2,11
10.1103/RevModPhys.22.386,10.1103/RevModPhys.48.385,0,5,0,0
10.1103/RevModPhys.71.1275,10.1103/RevModPhys.74.1221,1,4,0,10
10.1103/RevModPhys.84.1343,10.1103/RevModPhys.86.1127,0,1,0,1
10.1103/RevModPhys.53.367,10.1103/RevModPhys.61.547,0,2,0,0
10.1103/RevModPhys.53.367,10.1103/RevModPhys.65.1149,0,2,0,6
10.1103/RevModPhys.74.1283,10.1103/RevModPhys.85.1421,9,99,2,14
10.1103/RevModPhys.22.386,10.1103/RevModPhys.35.853,0,5,6,40
10.1103/RevModPhys.22.386,10.1103/RevModPhys.38.41,0,5,0,1
10.1103/RevModPhys.84.1343,10.1103/RevModPhys.86.1127,0,1,0,1
10.1103/RevModPhys.84.1343,10.1103/RevModPhys.85.529,0,1,4,13
10.1103/RevModPhys.60.161,10.1103/RevModPhys.75.181,15,102,1,7
10.1103/RevModPhys.70.1341,10.1103/RevModPhys.80.189,0,0,5,12
10.1103/RevModPhys.70.1341,10.1103/RevModPhys.74.297,0,0,2,14
10.1103/RevModPhys.71.1275,10.1103/RevModPhys.74.1221,1,4,0,10
10.1103/RevModPhys.74.47,10.1103/RevModPhys.87.925,106,612,3,15
10.1103/RevModPhys.84.1343,10.1103/RevModPhys.87.981,0,1,0,2
10.1103/RevModPhys.84.1343,10.1103/RevModPhys.86.1127,0,1,0,1
10.1103/RevModPhys.74.47,10.1103/RevModPhys.87.1261,106,612,0,3
10.1103/RevModPhys.60.859,10.1103/RevModPhys.73.267,0,1,0,0
10.1103/RevModPhys.74.47,10.1103/RevModPhys.87.925,106,612,3,15
10.1103/RevModPhys.74.1283,10.1103/RevModPhys.85.693,9,99,1,14
10.1103/RevModPhys.60.161,10.1103/RevModPhys.81.1353,15,102,1,24
10.1103/RevModPhys.30.471,10.1103/RevModPhys.43.125,1,5,0,8
10.1103/RevModPhys.70.1341,10.1103/RevModPhys.77.1257,0,0,3,7
10.1103/RevModPhys.68.473,10.1103/RevModPhys.84.449,3,19,0,11
10.1103/RevModPhys.70.1341,10.1103/RevModPhys.84.65,0,0,1,1
10.1103/RevModPhys.74.47,10.1103/RevModPhys.87.925,106,612,3,15
